{"projects":[
    {
        "id": 0,
        "project_name": "Quote Generator",
        "description": "Generate some random quotes to get you in a better mood with a click of a button, and get a new background color",
        "technologies": ["JavaScript", "CSS", "HTML"],
        "live_link": "https://ccyr01.github.io/QuoteGenerator/",
        "github_link": "https://github.com/Ccyr01/QuoteGenerator.git",
        "image_urls": ["/images/quoteGeneratorBobMarley.png","/images/quoteGeneratorEddiePinero.png","/images/quoteGeneratorMartinLutherKng.png"]
    },
    {
        "id": 1,
        "project_name": "Data Pagination",
        "description": "Students are organized evenly on the amount of pages needed. Search bar helps narrow down results, and buttons at the bottom display the students on that page number",
        "technologies": ["JavaScript", "CSS", "HTML"],
        "live_link": "https://ccyr01.github.io/DataPaginationJS/",
        "github_link": "https://github.com/Ccyr01/DataPaginationJS.git",
        "image_urls": ["/images/project2img2.png","/images/project2img3.png","/images/project2img4.png","/images/project2img5.png"]
    },
    {
        "id": 2,
        "project_name": "Interactive Form",
        "description": "Form that checks for user input and validates it if it's filled out correctly, or else it displays a warning on what is missing.",
        "technologies": ["JavaScript", "CSS", "HTML"],
        "live_link": "https://ccyr01.github.io/InteractiveForm/",
        "github_link": "https://github.com/Ccyr01/InteractiveForm.git",
        "image_urls": ["/images/project3img1.png","/images/project3img2.png","/images/project3img3.png","/images/project3img4.png"]
    },
    {
        "id": 3,
        "project_name": "API Requests",
        "description": "Use API Requests to generate new random users",
        "technologies": ["JavaScript", "CSS", "HTML"],
        "live_link": "https://ccyr01.github.io/apiRequestsProject/",
        "github_link": "https://github.com/Ccyr01/apiRequestsProject.git",
        "image_urls": ["/images/project4img1.png","/images/project4img2.png"]
    },
    {
        "id": 4,
        "project_name": "Phrase Hunters",
        "description": "Play a game of phrase hunters and try to guess the phrase with the amount of lives given.",
        "technologies": ["JavaScript", "CSS", "HTML"],
        "live_link": "https://ccyr01.github.io/PhraseHunters/",
        "github_link": "https://github.com/Ccyr01/PhraseHunters.git",
        "image_urls": ["/images/project5img1.png","/images/project5img2.png","/images/project5img3.png"]
    },
    {
        "id": 5,
        "project_name": "Mobile-First-Website",
        "description": "Website made for mobile screens, so play with the size of the browser and watch the layout change accordingly.",
        "technologies": ["CSS", "HTML"],
        "live_link": "https://ccyr01.github.io/Tech-Degree-Project2/",
        "github_link": "https://github.com/Ccyr01/Tech-Degree-Project2.git",
        "image_urls": ["/images/webproj2img1.png","/images/webproj2img2.png","/images/webproj2img3.png","/images/webproj2img4.png"]
    },
    {
        "id": 6,
        "project_name": "Connect 4",
        "description": "school profolio and connect four game",
        "technologies": ["CSS", "HTML"],
        "live_link": "https://ccyr01.github.io/PortfolioAndGame/game.html",
        "github_link": "https://github.com/Ccyr01/website.git",
        "image_urls": ["/images/connect4img1.png","/images/connect4img2.png","/images/connect4img3.png"]
    },
    {
        "id": 7,
        "project_name": "BasketBall Stats Tool",
        "description": "Organize the people into basketball teams by cleaning the data, then splitting the data",
        "technologies": ["Python"],
        "live_link": "",
        "github_link": "https://github.com/Ccyr01/BasketballStatsTool.git",
        "image_urls": ["/images/pythonBasketballStats1.png","/images/pythonBasketballStats2.png","/images/pythonBasketballStats3.png"]
    },
    {
        "id": 8,
        "project_name": "Employee Management",
        "description": "Employee management system written in java. Features include separating employee screens from manager screens based off of login credintial. Edit/View schedules. Clock in/out. View your hours worked. Requests time off. etc..",
        "technologies": ["Java"],
        "live_link": "",
        "github_link": "https://github.com/Ccyr01/EmployeeManagement.git",
        "image_urls": ["/images/javaEmployeeApp1.jpg","/images/javaEmployeeApp2.jpg","/images/javaEmployeeApp3.jpg","/images/javaEmployeeApp4.jpg"]
    },
    {
        "id": 9,
        "project_name": "Compiler",
        "description": "Compiler made in school with c. Generate low level assembly code based off of the higher-level code entered. The compiler recognizes scopes, if statements, for loops, type checking, and other basic syntax.",
        "technologies": ["c","yacc","assembly","lex"],
        "live_link": "",
        "github_link": "https://github.com/Ccyr01/projectCompiler.git",
        "image_urls": ["/images/compiler.png","/images/compiler2.png","/images/compiler4.png","/images/compiler5.png"]
    }
   
    
    
]}